{"is_source_file": false, "format": "", "description": "", "external_files": [], "external_methods": [], "published": [], "classes": [], "methods": [], "calls": [], "search-terms": [], "state": 2, "file_id": 1, "knowledge_revision": 15, "git_revision": "51f8d01150fd5178abd8d82e7db27b496915b1ce", "hash": "3d7d9afffca42beb281a787c1973602e", "format-version": 4, "code-base-name": "frontend_simple_notes_app", "filename": "README.md", "revision_history": [{"15": "51f8d01150fd5178abd8d82e7db27b496915b1ce"}]}